model,roc_auc,prc_auc,time_seconds
model_0,0.8324095620901206,0.8018288149474069,0.41652393341064453
model_1,0.8615761880602063,0.8253886758317562,0.3962423801422119
model_2,0.8821996185632549,0.8413288899309753,0.39156103134155273
model_3,0.8984799828730464,0.8239242848496292,0.4155571460723877
model_4,0.8639781420765026,0.7898408978782245,0.39188718795776367
