roc_auc_mean,roc_auc_std,prc_auc_mean,prc_auc_std,time_seconds_mean,time_seconds_std
0.8677286987326263,0.02215585914834429,0.8164623126875984,0.018311453431631656,0.4023543357849121,0.011300480543613952
