model,roc_auc,prc_auc,time_seconds
model_0,0.9596688205062589,0.9349386562039107,267.32445454597473
model_1,0.9576804368471035,0.9264180671653715,255.89781641960144
model_2,0.9550646643410193,0.9297949586472728,258.33193802833557
model_3,0.9571824063705363,0.9362530744686957,286.8860945701599
model_4,0.9617585699198286,0.9438129558707555,268.0832550525665
