roc_auc_mean,roc_auc_std,prc_auc_mean,prc_auc_std,time_seconds_mean,time_seconds_std
0.8381304189647972,0.018774076603451602,0.8128755181764273,0.01038312335759655,176.11692457199098,3.161093989367542
