model,roc_auc,prc_auc,time_seconds
model_0,0.8397099011982342,0.8288758708074244,182.28362798690796
model_1,0.811337748344371,0.7968956333075399,175.27450442314148
model_2,0.8327469411332249,0.8085770169021068,175.10791325569153
model_3,0.836922268907563,0.8148558686395649,173.2900414466858
model_4,0.869935235240593,0.8151732012255003,174.62853574752808
