roc_auc_mean,roc_auc_std,prc_auc_mean,prc_auc_std,time_seconds_mean,time_seconds_std
0.9582709795969493,0.002277342108557625,0.9342435424712011,0.00595185746742299,267.3047117233276,10.905640760088131
